user_id,user_name,user_email,user_mobile,user_image
1,Holly_Acosta,holly@gmail.com,693-863-0127x801,https://randomuser.me/api/portraits/men/1.jpg
2,Heather_Santos,heather@gmail.com,3732205878,https://randomuser.me/api/portraits/men/2.jpg
3,Pamela_Garcia,pamela@outlook.com,(214)265-1566x274,https://randomuser.me/api/portraits/women/3.jpg
4,Christopher_Arnold,christopher@protonmail.com,(627)780-9112,https://randomuser.me/api/portraits/women/4.jpg
5,Russell_Levy,russell@protonmail.com,321-519-6571x569,https://randomuser.me/api/portraits/men/5.jpg
6,Richard_Gonzalez,richard@protonmail.com,+1-243-859-5314,https://randomuser.me/api/portraits/men/6.jpg
7,Meredith_Bowen,meredith@riseup.com,(237)864-8111,https://randomuser.me/api/portraits/women/7.jpg
8,Sandra_Carter,sandra@riseup.com,001-663-999-0928x96996,https://randomuser.me/api/portraits/women/8.jpg
9,Daniel_Johnson,daniel@riseup.com,(642)550-8771,https://randomuser.me/api/portraits/women/9.jpg
10,Judy_Smith,judy@riseup.com,882-447-7068x273,https://randomuser.me/api/portraits/men/10.jpg
11,Joshua_Myers,joshua@gmail.com,5739771811,https://randomuser.me/api/portraits/women/11.jpg
12,Lori_Allen,lori@outlook.com,(526)894-8829x6924,https://randomuser.me/api/portraits/men/12.jpg
13,Patrick_Reese,patrick@outlook.com,242-720-3164,https://randomuser.me/api/portraits/men/13.jpg
14,Nancy_Parrish,nancy@gmail.com,570.922.6029,https://randomuser.me/api/portraits/men/14.jpg
15,Stanley_Pierce,stanley@protonmail.com,5727059569,https://randomuser.me/api/portraits/women/15.jpg
16,Sara_Pham,sara@protonmail.com,498-329-2714,https://randomuser.me/api/portraits/men/16.jpg
17,Joseph_Turner,joseph@gmail.com,454-509-7661x1297,https://randomuser.me/api/portraits/men/17.jpg
18,Christina_Brown,christina@riseup.com,350-857-2030x30225,https://randomuser.me/api/portraits/women/18.jpg
19,Nicole_Smith,nicole@riseup.com,463-638-3386x0623,https://randomuser.me/api/portraits/men/19.jpg
20,Rhonda_Mills,rhonda@riseup.com,+1-640-493-4287x34420,https://randomuser.me/api/portraits/men/20.jpg
21,Christina_Martin,christina@riseup.com,(756)989-6628x16765,https://randomuser.me/api/portraits/men/21.jpg
22,Nicholas_Cook,nicholas@outlook.com,587-670-0157,https://randomuser.me/api/portraits/men/22.jpg
23,Chris_Delgado,chris@gmail.com,7955647957,https://randomuser.me/api/portraits/women/23.jpg
24,Nicole_Vega,nicole@protonmail.com,421-973-1475x87521,https://randomuser.me/api/portraits/women/24.jpg
25,Paul_Cook,paul@gmail.com,6549742846,https://randomuser.me/api/portraits/women/25.jpg
26,Christopher_Williams,christopher@gmail.com,+1-557-617-7490x84834,https://randomuser.me/api/portraits/men/26.jpg
27,Chris_Rodriguez,chris@protonmail.com,001-220-257-6689x0837,https://randomuser.me/api/portraits/men/27.jpg
28,Holly_Berry,holly@gmail.com,(858)838-5917x70821,https://randomuser.me/api/portraits/men/28.jpg
29,David_Hamilton,david@protonmail.com,(710)515-0518x19561,https://randomuser.me/api/portraits/men/29.jpg
30,Jeremy_Wong,jeremy@outlook.com,833.729.8302,https://randomuser.me/api/portraits/men/30.jpg
31,Jacqueline_Lambert,jacqueline@protonmail.com,340.465.5959,https://randomuser.me/api/portraits/women/31.jpg
32,Melissa_Day,melissa@riseup.com,7062373239,https://randomuser.me/api/portraits/men/32.jpg
33,Danielle_Rodriguez,danielle@outlook.com,(690)445-5733,https://randomuser.me/api/portraits/men/33.jpg
34,Alexandra_Scott,alexandra@riseup.com,001-450-472-8173x821,https://randomuser.me/api/portraits/women/34.jpg
35,Dennis_Johnson,dennis@riseup.com,(663)757-6024,https://randomuser.me/api/portraits/men/35.jpg
36,Francis_Jones,francis@gmail.com,814-706-9183x58534,https://randomuser.me/api/portraits/men/36.jpg
37,Alisha_Olson,alisha@gmail.com,(302)583-1667x6622,https://randomuser.me/api/portraits/women/37.jpg
38,Kimberly_Simpson,kimberly@riseup.com,561.688.7404x112,https://randomuser.me/api/portraits/men/38.jpg
39,Carl_Kennedy,carl@protonmail.com,471-453-9704x8614,https://randomuser.me/api/portraits/women/39.jpg
40,Harry_Smith,harry@outlook.com,001-402-894-4068x309,https://randomuser.me/api/portraits/women/40.jpg
41,Margaret_Browning,margaret@riseup.com,5289193518,https://randomuser.me/api/portraits/women/41.jpg
42,Robert_Wilson,robert@outlook.com,3385339672,https://randomuser.me/api/portraits/men/42.jpg
43,Mark_Avila,mark@protonmail.com,001-720-262-4090x31608,https://randomuser.me/api/portraits/women/43.jpg
44,Catherine_Wells,catherine@riseup.com,690-555-0550x006,https://randomuser.me/api/portraits/women/44.jpg
45,Deborah_Vang,deborah@outlook.com,257-490-3179x0586,https://randomuser.me/api/portraits/women/45.jpg
46,Kristi_Ward,kristi@riseup.com,+1-581-689-7071x8133,https://randomuser.me/api/portraits/men/46.jpg
47,Susan_Goodwin,susan@gmail.com,9366971094,https://randomuser.me/api/portraits/women/47.jpg
48,Justin_Lamb,justin@protonmail.com,203-333-0131x433,https://randomuser.me/api/portraits/women/48.jpg
49,Jody_Cuevas,jody@riseup.com,(857)630-2776x063,https://randomuser.me/api/portraits/men/49.jpg
50,Gabrielle_King,gabrielle@outlook.com,9866960748,https://randomuser.me/api/portraits/women/50.jpg
51,Brandon_Berger,brandon@riseup.com,(880)648-7827x6979,https://randomuser.me/api/portraits/men/51.jpg
52,Daniel_Moreno,daniel@outlook.com,778-352-1233x83267,https://randomuser.me/api/portraits/men/52.jpg
53,Erin_Shepard,erin@protonmail.com,458.673.1419,https://randomuser.me/api/portraits/men/53.jpg
54,Dawn_Douglas,dawn@outlook.com,+1-524-518-9046x018,https://randomuser.me/api/portraits/women/54.jpg
55,Shawn_Russo,shawn@riseup.com,271.820.6784x0219,https://randomuser.me/api/portraits/women/55.jpg
56,Trevor_Porter,trevor@riseup.com,869.846.3030,https://randomuser.me/api/portraits/women/56.jpg
57,Robert_Kramer,robert@protonmail.com,+1-539-752-0061x56402,https://randomuser.me/api/portraits/men/57.jpg
58,Keith_Barnett,keith@outlook.com,(274)251-6469x12243,https://randomuser.me/api/portraits/women/58.jpg
59,Kelly_Thompson,kelly@outlook.com,789-683-8922,https://randomuser.me/api/portraits/women/59.jpg
60,James_Robinson,james@protonmail.com,522-455-4757,https://randomuser.me/api/portraits/women/60.jpg
61,Ashley_Phillips,ashley@gmail.com,+1-759-968-1351x41497,https://randomuser.me/api/portraits/women/61.jpg
62,Gina_Parks,gina@protonmail.com,8423584363,https://randomuser.me/api/portraits/women/62.jpg
63,Eddie_Zuniga,eddie@gmail.com,001-689-944-5730,https://randomuser.me/api/portraits/women/63.jpg
64,Charles_Alexander,charles@gmail.com,(507)918-0921x43503,https://randomuser.me/api/portraits/men/64.jpg
65,Michael_Wallace,michael@riseup.com,(831)381-0741x5560,https://randomuser.me/api/portraits/women/65.jpg
66,Elizabeth_Hawkins,elizabeth@gmail.com,001-296-256-7051x8756,https://randomuser.me/api/portraits/men/66.jpg
68,Roy_Lane,roy@riseup.com,(972)559-2960x088,https://randomuser.me/api/portraits/men/68.jpg
69,John_Tate,john@gmail.com,400-689-2792,https://randomuser.me/api/portraits/men/69.jpg
70,Charles_Brown,charles@outlook.com,(661)908-5962,https://randomuser.me/api/portraits/men/70.jpg
71,Andre_Williams,andre@protonmail.com,+1-993-564-5611x71415,https://randomuser.me/api/portraits/women/71.jpg
72,Lindsay_Henry,lindsay@gmail.com,5935580139,https://randomuser.me/api/portraits/men/72.jpg
73,Kristopher_Ortiz,kristopher@outlook.com,001-983-217-8412,https://randomuser.me/api/portraits/women/73.jpg
74,Ronald_Robinson,ronald@gmail.com,230-739-3264x24619,https://randomuser.me/api/portraits/men/74.jpg
75,Alicia_Nelson,alicia@outlook.com,+1-417-402-7534x1497,https://randomuser.me/api/portraits/women/75.jpg
76,Adrian_Hansen,adrian@riseup.com,+1-538-873-5650,https://randomuser.me/api/portraits/women/76.jpg
77,Taylor_Johnson,taylor@riseup.com,5976997920,https://randomuser.me/api/portraits/men/77.jpg
78,Tara_Wright,tara@gmail.com,362-635-2394x879,https://randomuser.me/api/portraits/men/78.jpg
79,Alfred_Wilson,alfred@riseup.com,(425)508-8402x460,https://randomuser.me/api/portraits/women/79.jpg
80,Sara_Herrera,sara@protonmail.com,336-720-1479x49487,https://randomuser.me/api/portraits/men/80.jpg
81,Christine_West,christine@riseup.com,001-210-706-3089x78953,https://randomuser.me/api/portraits/women/81.jpg
82,Jeffrey_Johnson,jeffrey@gmail.com,321-634-7353x3978,https://randomuser.me/api/portraits/men/82.jpg
83,Daniel_Mosley,daniel@protonmail.com,+1-273-849-3509x328,https://randomuser.me/api/portraits/men/83.jpg
84,James_Walker,james@protonmail.com,+1-506-339-1540x351,https://randomuser.me/api/portraits/women/84.jpg
85,Anthony_Gonzalez,anthony@riseup.com,393.827.0588x21675,https://randomuser.me/api/portraits/women/85.jpg
86,Timothy_Dean,timothy@riseup.com,950.867.3020,https://randomuser.me/api/portraits/women/86.jpg
87,Jessica_Washington,jessica@gmail.com,603-599-7258x2442,https://randomuser.me/api/portraits/men/87.jpg
88,Sarah_Martinez,sarah@gmail.com,(321)459-7725x886,https://randomuser.me/api/portraits/women/88.jpg
89,Lisa_Floyd,lisa@gmail.com,7997370476,https://randomuser.me/api/portraits/men/89.jpg
90,Casey_Griffin,casey@outlook.com,836-414-9814x9718,https://randomuser.me/api/portraits/men/90.jpg
91,Jeremiah_Patrick,jeremiah@gmail.com,001-996-613-4017x65697,https://randomuser.me/api/portraits/women/91.jpg
92,Bethany_Conley,bethany@outlook.com,+1-298-735-5799x1345,https://randomuser.me/api/portraits/women/92.jpg
93,Gina_Roberts,gina@outlook.com,777-590-4907,https://randomuser.me/api/portraits/women/93.jpg
94,Michele_Andrews,michele@riseup.com,(312)483-0345,https://randomuser.me/api/portraits/women/94.jpg
95,William_Moore,william@gmail.com,001-581-773-3931x88773,https://randomuser.me/api/portraits/men/95.jpg
96,Jillian_Jordan,jillian@protonmail.com,962.876.0803x21585,https://randomuser.me/api/portraits/women/96.jpg
97,John_Hanna,john@protonmail.com,564.923.9000,https://randomuser.me/api/portraits/women/97.jpg
98,Francisco_Bender,francisco@protonmail.com,001-803-913-4880x6761,https://randomuser.me/api/portraits/women/98.jpg
99,Ryan_Hughes,ryan@outlook.com,559-745-4610x3347,https://randomuser.me/api/portraits/women/99.jpg
100,Cheryl_Potts,cheryl@protonmail.com,726.666.0530x1088,https://randomuser.me/api/portraits/women/100.jpg
101,name,example@gmail.com,+91-xx-56-xx2789,https://cdn.pixabay.com/photo/2020/07/01/12/58/icon-5359553_1280.png
102,name2,example@gmail.com,+91-xx-56-xx2789,https://cdn.pixabay.com/photo/2020/07/01/12/58/icon-5359553_1280.png
103,Hima Charan,example@gmail.com,+91-xx-56-xx2789,https://cdn.pixabay.com/photo/2020/07/01/12/58/icon-5359553_1280.png
104,Bhasuri,bhasuri@gmail.com,+91-xx-56-xx9999,https://www.cdc.gov/healthypets/images/pets/cute-dog-headshot.jpg?_=42445
